,Run_1,Run_2,Run_3,Run_4,Run_5,Run_6,Run_7,Run_8,Run_9,Run_10
porto,0.171875,0.125,0.21875,0.125,0.1875,0.171875,0.09375,0.109375,0.265625,0.203125
rome,0.4375,0.34375,0.46875,0.296875,0.4375,0.4375,0.1875,0.390625,0.265625,0.453125
