,Run_1,Run_2,Run_3,Run_4,Run_5,Run_6,Run_7,Run_8,Run_9,Run_10
porto_naive,4.5625,4.765625,5.03125,5.390625,4.796875,4.6875,4.671875,4.828125,4.578125,4.8125
porto_quadrants,2.609375,2.703125,2.28125,2.4375,2.109375,2.453125,2.34375,2.15625,2.4375,2.3125
porto_kd_tree,1.4375,1.5,1.25,1.546875,1.5,1.34375,1.609375,1.59375,1.359375,1.578125
rome_naive,12.3125,11.28125,12.140625,12.0625,11.515625,11.21875,12.28125,12.125,11.78125,11.625
rome_quadrants,6.03125,5.25,6.125,6.0,5.59375,5.390625,6.0,6.015625,5.640625,5.671875
rome_kd_tree,2.375,2.421875,2.265625,2.5625,2.015625,2.40625,2.703125,2.15625,2.65625,2.140625
