,Run_1,Run_2,Run_3,Run_4,Run_5,Run_6,Run_7,Run_8,Run_9,Run_10
porto_naive,4.5625,4.765625,5.03125,5.390625,4.796875,4.6875,4.671875,4.828125,4.578125,4.8125
porto_quadrants,2.609375,2.703125,2.28125,2.4375,2.109375,2.453125,2.34375,2.15625,2.4375,2.3125
porto_kd_tree,1.4375,1.5,1.25,1.546875,1.5,1.34375,1.609375,1.59375,1.359375,1.578125
