,Run_1,Run_2,Run_3,Run_4,Run_5,Run_6,Run_7,Run_8,Run_9,Run_10
porto,0.29906202200000004,0.30563189700000004,0.300618985,0.302281283,0.302491533,0.300636108,0.302460453,0.303568144,0.30138151999999996,0.304231413
