,Run_1,Run_2,Run_3,Run_4,Run_5,Run_6,Run_7,Run_8,Run_9,Run_10
porto_naive,4.410570359,4.428381468,4.411379563,4.363274457999999,4.349653522,4.388084870999999,4.484597787999999,4.459791775,4.484135518,4.422880759
porto_quadrants,2.315277493,2.3325352539999997,2.331062882,2.251056882,2.239950792,2.262079416,2.42628031,2.3451701369999998,2.18366919,2.2329893170000004
porto_kd_tree,2.24436727,2.246301626,2.278007247,2.260101378,2.188626698,2.255024367,2.255204038,2.265456753,2.250790279,2.236202423
