,Run_1,Run_2,Run_3,Run_4,Run_5,Run_6,Run_7,Run_8,Run_9,Run_10
porto,0.515625,0.609375,0.5625,0.515625,0.546875,0.6875,0.59375,0.609375,0.265625,0.390625
