,Run_1,Run_2,Run_3,Run_4,Run_5,Run_6,Run_7,Run_8,Run_9,Run_10
porto,0.296194,0.30445942400000003,0.297158092,0.29668660799999996,0.29486837099999996,0.29174668400000003,0.28840627999999996,0.290536795,0.29337141,0.30066490700000004
