,Run_1,Run_2,Run_3,Run_4,Run_5,Run_6,Run_7,Run_8,Run_9,Run_10
porto_naive,20.875,21.171875,21.0625,22.25,21.03125,20.890625,21.21875,21.65625,4.125,4.515625
porto_quadrants,10.609375,11.0625,10.453125,10.609375,10.828125,11.515625,10.1875,10.53125,3.25,3.28125
porto_kd_tree,8.546875,8.328125,8.53125,8.546875,7.6875,8.328125,7.890625,8.390625,1.640625,1.703125
