,Run_1,Run_2,Run_3,Run_4,Run_5,Run_6,Run_7,Run_8,Run_9,Run_10
porto,1.2552948590000002,1.25376517,1.2451417690000002,1.2491140250000003,1.254818725,1.246112692,1.2484825639999997,1.25337355,1.243585463,1.275155814
