,Run_1,Run_2,Run_3,Run_4,Run_5,Run_6,Run_7,Run_8,Run_9,Run_10
porto_naive,4.158821936000001,4.20614942,4.209113876,4.1799125230000005,4.158911906,4.1696724430000005,4.221050239999999,4.188242679,4.179571215,4.131812261
porto_quadrants,2.254406158,2.1151722079999997,2.139547989,1.9770475429999999,2.021083717,2.0702481280000002,2.024519129,2.128880644,2.298449776,2.087997625
porto_kd_tree,2.0847278,2.132852834,2.065952582,2.095141713,2.108184053,2.140372561,2.1152082859999997,2.161123172,2.115103741,2.198220269
